word,word form 1,word form 2,word form 3,word form 4,word form 5,word form 6,word form 7,word form 8,word form 9,word form 10,word form 11,word form 12,word form 13,word form 14,word form 15,word form 16
ass,asses,asskicking,asskick,kickass,,,,,,,,,,,,
Motherfucker,Motherfucka,,,,,,,,,,,,,,,
Fuck,Fucked,Fucking,Fucker,Fuckers,Fucked,Fucking,Fuckion,Fuckions,Fucker,Fuckory,,,,,,
Shit,Shitted,Shitting,Shitter,Shits,Shitiest,Shitiestly,Shitiestness,Shitiestries,Shitiestry,Shitiestwares,Shitiestworks,shitty,,,,
Asshole,Assholed,Assholing,Assholer,Assholers,Assholed,Assholing,Assholer,Assholery,,,,,,,,
Bitch,Bitched,Bitching,Bitcher,Bitches,Bitched,Bitching,Bitchery,Bitchest,Bitchesty,Bitchess,Bitchen,,,,,
Cunt,Cunted,Cunting,Cunter,Cunters,Cunted,Cunting,Cuntery,,,,,,,,,
Dick,Dicked,Dicking,Dicker,Dickers,Dicked,Dicking,Dickery,Dickhead,Dickheads,Dickless,,,,,,
Pussy,Pussied,Pussying,Pussier,Pussies,Pussied,Pussying,Pussiness,Pussiest,Pussiestly,Pussiestness,Pussiestries,Pussiestry,,,,
Slut,Slutted,Slutting,Sluter,Sluters,Slutted,Slutting,Sluter,Slutery,Sluttiest,Sluttiestly,Sluttiestness,Sluttiestries,Sluttiestry,Sluttiestwares,Sluttiestworks,
Tits,Titted,Titting,Titter,Titters,Titted,Titting,Tittie,Titties,Tittied,Tittying,Tittilate,Tittilation,Tittillation,Tittillating,Tittillatress,Tittling
Twat,Twatted,Twatting,Twater,Twaters,Twatted,Twatting,Twatery,Twathead,Twatheads,Twattle,Twattled,Twattler,Twatter,Twatters,Twatty,Twatwit
Whore,Whored,Whoring,Whorer,Whorers,Whored,Whoring,Whorery,Whoriest,Whoriestly,Whoriestness,Whoriestries,Whoriestry,Whoriestwares,Whoriestworks,,
Cock,Cocked,Cocking,Cocker,Cockers,Cocked,Cocking,Cockish,Cockless,Cocklet,Cocklets,Cockshoot,Cocktails,Cocktailer,Cocktailing,Cocktailist,
Douche,Douched,Douching,Doucher,Douchers,Douched,Douching,Douchery,Douchiest,Douchiestly,Douchiestness,Douchiestries,Douchiestry,Douchiestwares,Douchiestworks,,
Faggot,Faggoted,Faggoting,Fagoter,Fagoters,Faggoted,Faggoting,Fagotery,Faggiest,Faggiestly,Faggiestness,Faggiestries,Faggiestry,Faggiestwares,Faggiestworks,,
Slave,Slaved,Slaving,Slaver,Slaves,Slaved,Slaving,Slavery,Slavist,,,,,,,,
Cripple,Crippled,Cripping,Crippler,Cripplers,Crippled,Cripping,Crippler,Crippling,Crippleware,,,,,,,
Gay,Gayed,Gaying,Gayer,Gays,Gayed,Gaying,Gayly,Gayness,Gayest,Gayestly,Gayestness,Gayestries,Gayestry,Gayestwares,Gayestworks,
Gimp,Gimped,Gimping,Gimper,Gimpers,Gimped,Gimping,Gimpery,,,,,,,,,
Kike,Kiked,Kiking,Kiker,Kikes,Kiked,Kiking,Kiker,Kikerry,,,,,,,,
Nigga,Niggas,Niggaz,Niggardly,,,,,,,,,,,,,
Retard,Retarded,Retarding,Retarder,Retarders,Retarded,Retarding,Retardation,Retardations,Retardative,Retardedly,Retardant,Retardants,Retardats,Retardatum,Retardatums,Retardatuss
Tranny,Trannied,Trannying,Trannier,Tranniers,Trannied,Trannying,Trannie,Trannies,Trannied,Trannying,Trannilicious,Trannilation,Trannilating,Trannilator,Trannilatory,
Son of a Bitch,Son of a Gun,Son of a Whore,What the hell,,,,,,,,,,,,,
Jizz,Jizzed,Jizzing,Jizzer,Jizzers,Jizzed,Jizzing,Jizzer,Jizzy,Jizziest,Jizziestly,Jizziestness,Jizziestries,Jizziestry,Jizziestwares,Jizziestworks,
Porn,Porned,Porning,Pornographer,Pornographers,Porned,Porning,Porno,Pornos,Pornography,Pornographies,Pornographic,Pornographically,Pornographies,Pornography,,
Tits,Titted,Titting,Titter,Titters,Titted,Titting,Titty,Titties,Tittied,Tittying,Tittilate,Tittilation,Tittillation,Tittillating,Tittillatress,Tittling
Tits,Titted,Titting,Titter,Titters,Titted,Titing,Titty,Titties,Tittied,Tittying,Tittilate,Tittilation,Tittillation,Tittillating,Tittillatress,Tittling
Cum,Cummed,Cummer,Cummings,Cummingss,Cumming,Cummingly,Cummery,Cummers,Cummerss,Cumulant,Cumulative,Cumulatively,Cumulus,,,
Slut,Slutted,Slutting,Slutter,Slutters,Slutted,Slutting,Sluttiest,Sluttiestly,Sluttiestness,Sluttiestries,Sluttiestry,Sluttiestwares,Sluttiestworks,,,
Pimp,Pimped,Pimping,Pimper,Pimpers,Pimped,Pimping,Pimpery,,,,,,,,,
Bitch,Bitched,Bitching,Bitcher,Bitches,Bitched,Bitching,Bitchery,Bitchiest,Bitchiestly,Bitchiestness,Bitchiestries,Bitchiestry,Bitchiestwares,Bitchiestworks,,
Pussy,Pussied,Pussying,Pusser,Pushers,Pussied,Pussying,Pussie,Pussies,Pussied,Pussying,Pussilanimous,Pussilanimity,Pussilanimousness,Pussilanimously,,
Wanker,Wanked,Wanking,Wanker,Wankers,Wanked,Wanking,Wankery,Wankiest,Wankiestly,Wankiestness,Wankiestries,Wankiestry,Wankiestwares,Wankiestworks,,
Cunt,Cunted,Cunting,Cunter,Counters,Cunted,Cunting,Cunnery,,,,,,,,,
Douchebag,Douchebags,Douchebae,Douchey,Douchest,Douchester,Douchesters,Douchesses,,,,,,,,,
Asshole,Assholes,Asswipe,Butthole,Buttface,Buttfuck,Buttplug,Dickhead,Fartface,Fuckyous,Shithouse,Turdburglar,,,,,
Jesus,Christ,,,,,,,,,,,,,,,
Sex,Damn,goddamn,,,,,,,,,,,,,,
